{
    "best_params": {
        "learning_rate": 2.4749940673785125e-05,
        "batch_size": 128,
        "n_steps": 1024,
        "gamma": 0.995,
        "ent_coef": 0.00011298439792338923,
        "n_epochs": 4,
        "gae_lambda": 0.95,
        "clip_range": 0.1
    },
    "best_score": -11.0,
    "n_trials": 5
}